-- --------------------------------------------------------
-- Host:                         127.0.0.1
-- Server version:               10.4.14-MariaDB - mariadb.org binary distribution
-- Server OS:                    Win64
-- HeidiSQL Version:             11.0.0.5919
-- --------------------------------------------------------

/*!40101 SET @OLD_CHARACTER_SET_CLIENT=@@CHARACTER_SET_CLIENT */;
/*!40101 SET NAMES utf8 */;
/*!50503 SET NAMES utf8mb4 */;
/*!40014 SET @OLD_FOREIGN_KEY_CHECKS=@@FOREIGN_KEY_CHECKS, FOREIGN_KEY_CHECKS=0 */;
/*!40101 SET @OLD_SQL_MODE=@@SQL_MODE, SQL_MODE='NO_AUTO_VALUE_ON_ZERO' */;

-- Dumping structure for table blood_bank.blood
CREATE TABLE IF NOT EXISTS `blood` (
  `id` int(11) NOT NULL AUTO_INCREMENT,
  `blood_group_id` int(11) NOT NULL DEFAULT 0,
  `available` int(11) NOT NULL DEFAULT 0,
  PRIMARY KEY (`id`) USING BTREE
) ENGINE=InnoDB AUTO_INCREMENT=9 DEFAULT CHARSET=utf8 COLLATE=utf8_unicode_ci ROW_FORMAT=DYNAMIC;

-- Dumping data for table blood_bank.blood: ~1 rows (approximately)
DELETE FROM `blood`;
/*!40000 ALTER TABLE `blood` DISABLE KEYS */;
INSERT INTO `blood` (`id`, `blood_group_id`, `available`) VALUES
	(1, 1, 5);
/*!40000 ALTER TABLE `blood` ENABLE KEYS */;

-- Dumping structure for table blood_bank.blood_group
CREATE TABLE IF NOT EXISTS `blood_group` (
  `id` int(11) NOT NULL AUTO_INCREMENT,
  `name` varchar(255) COLLATE utf8_unicode_ci NOT NULL,
  `order` int(11) NOT NULL,
  PRIMARY KEY (`id`) USING BTREE
) ENGINE=InnoDB AUTO_INCREMENT=9 DEFAULT CHARSET=utf8 COLLATE=utf8_unicode_ci ROW_FORMAT=DYNAMIC;

-- Dumping data for table blood_bank.blood_group: ~8 rows (approximately)
DELETE FROM `blood_group`;
/*!40000 ALTER TABLE `blood_group` DISABLE KEYS */;
INSERT INTO `blood_group` (`id`, `name`, `order`) VALUES
	(1, 'A(+) ve', 1),
	(2, 'A(-) ve', 2),
	(3, 'B(+) ve', 3),
	(4, 'B(-) ve', 4),
	(5, 'O(+) ve', 5),
	(6, 'O(-)', 6),
	(7, 'AB(+)', 7),
	(8, 'AB(-)', 8);
/*!40000 ALTER TABLE `blood_group` ENABLE KEYS */;

-- Dumping structure for table blood_bank.course
CREATE TABLE IF NOT EXISTS `course` (
  `id` int(11) NOT NULL AUTO_INCREMENT,
  `training_year_id` int(11) NOT NULL,
  `name` varchar(255) COLLATE utf8_unicode_ci NOT NULL,
  `initial_date` date NOT NULL,
  `termination_date` date NOT NULL,
  `no_of_weeks` int(11) NOT NULL,
  `short_info` varchar(255) COLLATE utf8_unicode_ci DEFAULT NULL,
  `total_course_wt` decimal(10,2) DEFAULT 1000.00,
  `event_mks_limit` decimal(10,2) DEFAULT 100.00,
  `highest_mks_limit` decimal(10,2) DEFAULT 70.00,
  `lowest_mks_limit` decimal(10,2) DEFAULT 50.00,
  `status` enum('0','1','2') COLLATE utf8_unicode_ci NOT NULL COMMENT '0 = InActive,1 = Active 2=Close',
  `created_at` datetime NOT NULL,
  `created_by` int(11) NOT NULL,
  `updated_at` datetime NOT NULL,
  `updated_by` int(11) NOT NULL,
  PRIMARY KEY (`id`) USING BTREE,
  KEY `training_year_id` (`training_year_id`) USING BTREE
) ENGINE=InnoDB AUTO_INCREMENT=2 DEFAULT CHARSET=utf8 COLLATE=utf8_unicode_ci ROW_FORMAT=DYNAMIC;

-- Dumping data for table blood_bank.course: ~0 rows (approximately)
DELETE FROM `course`;
/*!40000 ALTER TABLE `course` DISABLE KEYS */;
/*!40000 ALTER TABLE `course` ENABLE KEYS */;

-- Dumping structure for table blood_bank.deligate_ci_acct_to_ds
CREATE TABLE IF NOT EXISTS `deligate_ci_acct_to_ds` (
  `id` int(11) NOT NULL AUTO_INCREMENT,
  `course_id` int(11) NOT NULL,
  `ds_id` int(11) NOT NULL,
  `updated_at` datetime NOT NULL,
  `updated_by` int(11) NOT NULL,
  PRIMARY KEY (`id`) USING BTREE,
  KEY `batch_id` (`course_id`) USING BTREE,
  KEY `event_id` (`ds_id`) USING BTREE
) ENGINE=InnoDB DEFAULT CHARSET=utf8 ROW_FORMAT=DYNAMIC;

-- Dumping data for table blood_bank.deligate_ci_acct_to_ds: ~0 rows (approximately)
DELETE FROM `deligate_ci_acct_to_ds`;
/*!40000 ALTER TABLE `deligate_ci_acct_to_ds` DISABLE KEYS */;
/*!40000 ALTER TABLE `deligate_ci_acct_to_ds` ENABLE KEYS */;

-- Dumping structure for table blood_bank.district
CREATE TABLE IF NOT EXISTS `district` (
  `id` int(2) unsigned NOT NULL AUTO_INCREMENT,
  `division_id` int(2) unsigned NOT NULL,
  `name` varchar(30) NOT NULL,
  `bn_name` varchar(50) NOT NULL,
  `lat` double NOT NULL,
  `lon` double NOT NULL,
  `website` varchar(100) NOT NULL,
  PRIMARY KEY (`id`),
  KEY `division_id` (`division_id`),
  CONSTRAINT `district_ibfk_1` FOREIGN KEY (`division_id`) REFERENCES `division` (`id`) ON DELETE CASCADE ON UPDATE CASCADE
) ENGINE=InnoDB AUTO_INCREMENT=65 DEFAULT CHARSET=utf8;

-- Dumping data for table blood_bank.district: ~64 rows (approximately)
DELETE FROM `district`;
/*!40000 ALTER TABLE `district` DISABLE KEYS */;
INSERT INTO `district` (`id`, `division_id`, `name`, `bn_name`, `lat`, `lon`, `website`) VALUES
	(1, 3, 'Dhaka', 'ঢাকা', 23.7115253, 90.4111451, 'www.dhaka.gov.bd'),
	(2, 3, 'Faridpur', 'ফরিদপুর', 23.6070822, 89.8429406, 'www.faridpur.gov.bd'),
	(3, 3, 'Gazipur', 'গাজীপুর', 24.0022858, 90.4264283, 'www.gazipur.gov.bd'),
	(4, 3, 'Gopalganj', 'গোপালগঞ্জ', 23.0050857, 89.8266059, 'www.gopalganj.gov.bd'),
	(5, 8, 'Jamalpur', 'জামালপুর', 24.937533, 89.937775, 'www.jamalpur.gov.bd'),
	(6, 3, 'Kishoreganj', 'কিশোরগঞ্জ', 24.444937, 90.776575, 'www.kishoreganj.gov.bd'),
	(7, 3, 'Madaripur', 'মাদারীপুর', 23.164102, 90.1896805, 'www.madaripur.gov.bd'),
	(8, 3, 'Manikganj', 'মানিকগঞ্জ', 0, 0, 'www.manikganj.gov.bd'),
	(9, 3, 'Munshiganj', 'মুন্সিগঞ্জ', 0, 0, 'www.munshiganj.gov.bd'),
	(10, 8, 'Mymensingh', 'ময়মনসিংহ', 0, 0, 'www.mymensingh.gov.bd'),
	(11, 3, 'Narayanganj', 'নারায়াণগঞ্জ', 23.63366, 90.496482, 'www.narayanganj.gov.bd'),
	(12, 3, 'Narsingdi', 'নরসিংদী', 23.932233, 90.71541, 'www.narsingdi.gov.bd'),
	(13, 8, 'Netrokona', 'নেত্রকোণা', 24.870955, 90.727887, 'www.netrokona.gov.bd'),
	(14, 3, 'Rajbari', 'রাজবাড়ি', 23.7574305, 89.6444665, 'www.rajbari.gov.bd'),
	(15, 3, 'Shariatpur', 'শরীয়তপুর', 0, 0, 'www.shariatpur.gov.bd'),
	(16, 8, 'Sherpur', 'শেরপুর', 25.0204933, 90.0152966, 'www.sherpur.gov.bd'),
	(17, 3, 'Tangail', 'টাঙ্গাইল', 0, 0, 'www.tangail.gov.bd'),
	(18, 5, 'Bogura', 'বগুড়া', 24.8465228, 89.377755, 'www.bogra.gov.bd'),
	(19, 5, 'Joypurhat', 'জয়পুরহাট', 0, 0, 'www.joypurhat.gov.bd'),
	(20, 5, 'Naogaon', 'নওগাঁ', 0, 0, 'www.naogaon.gov.bd'),
	(21, 5, 'Natore', 'নাটোর', 24.420556, 89.000282, 'www.natore.gov.bd'),
	(22, 5, 'Chapainawabganj', 'চাঁপাইনবাবগঞ্জ', 24.5965034, 88.2775122, 'www.chapainawabganj.gov.bd'),
	(23, 5, 'Pabna', 'পাবনা', 23.998524, 89.233645, 'www.pabna.gov.bd'),
	(24, 5, 'Rajshahi', 'রাজশাহী', 0, 0, 'www.rajshahi.gov.bd'),
	(25, 5, 'Sirajgonj', 'সিরাজগঞ্জ', 24.4533978, 89.7006815, 'www.sirajganj.gov.bd'),
	(26, 6, 'Dinajpur', 'দিনাজপুর', 25.6217061, 88.6354504, 'www.dinajpur.gov.bd'),
	(27, 6, 'Gaibandha', 'গাইবান্ধা', 25.328751, 89.528088, 'www.gaibandha.gov.bd'),
	(28, 6, 'Kurigram', 'কুড়িগ্রাম', 25.805445, 89.636174, 'www.kurigram.gov.bd'),
	(29, 6, 'Lalmonirhat', 'লালমনিরহাট', 0, 0, 'www.lalmonirhat.gov.bd'),
	(30, 6, 'Nilphamari', 'নীলফামারী', 25.931794, 88.856006, 'www.nilphamari.gov.bd'),
	(31, 6, 'Panchagarh', 'পঞ্চগড়', 26.3411, 88.5541606, 'www.panchagarh.gov.bd'),
	(32, 6, 'Rangpur', 'রংপুর', 25.7558096, 89.244462, 'www.rangpur.gov.bd'),
	(33, 6, 'Thakurgaon', 'ঠাকুরগাঁও', 26.0336945, 88.4616834, 'www.thakurgaon.gov.bd'),
	(34, 1, 'Barguna', 'বরগুনা', 0, 0, 'www.barguna.gov.bd'),
	(35, 1, 'Barishal', 'বরিশাল', 0, 0, 'www.barisal.gov.bd'),
	(36, 1, 'Bhola', 'ভোলা', 22.685923, 90.648179, 'www.bhola.gov.bd'),
	(37, 1, 'Jhalokati', 'ঝালকাঠি', 0, 0, 'www.jhalakathi.gov.bd'),
	(38, 1, 'Patuakhali', 'পটুয়াখালী', 22.3596316, 90.3298712, 'www.patuakhali.gov.bd'),
	(39, 1, 'Pirojpur', 'পিরোজপুর', 0, 0, 'www.pirojpur.gov.bd'),
	(40, 2, 'Bandarban', 'বান্দরবান', 22.1953275, 92.2183773, 'www.bandarban.gov.bd'),
	(41, 2, 'Brahmanbaria', 'ব্রাহ্মণবাড়িয়া', 23.9570904, 91.1119286, 'www.brahmanbaria.gov.bd'),
	(42, 2, 'Chandpur', 'চাঁদপুর', 23.2332585, 90.6712912, 'www.chandpur.gov.bd'),
	(43, 2, 'Chattogram', 'চট্টগ্রাম', 22.335109, 91.834073, 'www.chittagong.gov.bd'),
	(44, 2, 'Cumilla', 'কুমিল্লা', 23.4682747, 91.1788135, 'www.comilla.gov.bd'),
	(45, 2, 'Cox\'s Bazar', 'কক্স বাজার', 0, 0, 'www.coxsbazar.gov.bd'),
	(46, 2, 'Feni', 'ফেনী', 23.023231, 91.3840844, 'www.feni.gov.bd'),
	(47, 2, 'Khagrachhari', 'খাগড়াছড়ি', 23.119285, 91.984663, 'www.khagrachhari.gov.bd'),
	(48, 2, 'Lakshmipur', 'লক্ষ্মীপুর', 22.942477, 90.841184, 'www.lakshmipur.gov.bd'),
	(49, 2, 'Noakhali', 'নোয়াখালী', 22.869563, 91.099398, 'www.noakhali.gov.bd'),
	(50, 2, 'Rangamati', 'রাঙ্গামাটি', 0, 0, 'www.rangamati.gov.bd'),
	(51, 7, 'Habiganj', 'হবিগঞ্জ', 24.374945, 91.41553, 'www.habiganj.gov.bd'),
	(52, 7, 'Moulvibazar', 'মৌলভীবাজার', 24.482934, 91.777417, 'www.moulvibazar.gov.bd'),
	(53, 7, 'Sunamganj', 'সুনামগঞ্জ', 25.0658042, 91.3950115, 'www.sunamganj.gov.bd'),
	(54, 7, 'Sylhet', 'সিলেট', 24.8897956, 91.8697894, 'www.sylhet.gov.bd'),
	(55, 4, 'Bagerhat', 'বাগেরহাট', 22.651568, 89.785938, 'www.bagerhat.gov.bd'),
	(56, 4, 'Chuadanga', 'চুয়াডাঙ্গা', 23.6401961, 88.841841, 'www.chuadanga.gov.bd'),
	(57, 4, 'Jashore', 'যশোর', 23.16643, 89.2081126, 'www.jessore.gov.bd'),
	(58, 4, 'Jhenaidah', 'ঝিনাইদহ', 23.5448176, 89.1539213, 'www.jhenaidah.gov.bd'),
	(59, 4, 'Khulna', 'খুলনা', 22.815774, 89.568679, 'www.khulna.gov.bd'),
	(60, 4, 'Kushtia', 'কুষ্টিয়া', 23.901258, 89.120482, 'www.kushtia.gov.bd'),
	(61, 4, 'Magura', 'মাগুরা', 23.487337, 89.419956, 'www.magura.gov.bd'),
	(62, 4, 'Meherpur', 'মেহেরপুর', 23.762213, 88.631821, 'www.meherpur.gov.bd'),
	(63, 4, 'Narail', 'নড়াইল', 23.172534, 89.512672, 'www.narail.gov.bd'),
	(64, 4, 'Satkhira', 'সাতক্ষীরা', 0, 0, 'www.satkhira.gov.bd');
/*!40000 ALTER TABLE `district` ENABLE KEYS */;

-- Dumping structure for table blood_bank.division
CREATE TABLE IF NOT EXISTS `division` (
  `id` int(2) unsigned NOT NULL AUTO_INCREMENT,
  `country_id` int(11) NOT NULL,
  `name` varchar(30) NOT NULL,
  `bn_name` varchar(50) NOT NULL,
  PRIMARY KEY (`id`),
  KEY `country_id` (`country_id`)
) ENGINE=InnoDB AUTO_INCREMENT=9 DEFAULT CHARSET=utf8;

-- Dumping data for table blood_bank.division: ~8 rows (approximately)
DELETE FROM `division`;
/*!40000 ALTER TABLE `division` DISABLE KEYS */;
INSERT INTO `division` (`id`, `country_id`, `name`, `bn_name`) VALUES
	(1, 18, 'Barishal', 'বরিশাল'),
	(2, 18, 'Chattogram', 'চট্টগ্রাম'),
	(3, 18, 'Dhaka', 'ঢাকা'),
	(4, 18, 'Khulna', 'খুলনা'),
	(5, 18, 'Rajshahi', 'রাজশাহী'),
	(6, 18, 'Rangpur', 'রংপুর'),
	(7, 18, 'Sylhet', 'সিলেট'),
	(8, 18, 'Mymensingh', 'ময়মনসিংহ');
/*!40000 ALTER TABLE `division` ENABLE KEYS */;

-- Dumping structure for table blood_bank.religion
CREATE TABLE IF NOT EXISTS `religion` (
  `id` int(11) NOT NULL AUTO_INCREMENT,
  `name` varchar(100) NOT NULL DEFAULT '',
  PRIMARY KEY (`id`) USING BTREE
) ENGINE=MyISAM AUTO_INCREMENT=5 DEFAULT CHARSET=utf8 ROW_FORMAT=DYNAMIC;

-- Dumping data for table blood_bank.religion: 4 rows
DELETE FROM `religion`;
/*!40000 ALTER TABLE `religion` DISABLE KEYS */;
INSERT INTO `religion` (`id`, `name`) VALUES
	(1, 'Islam'),
	(2, 'Hinduism'),
	(3, 'Christianism'),
	(4, 'Buddhaism');
/*!40000 ALTER TABLE `religion` ENABLE KEYS */;

-- Dumping structure for table blood_bank.request_blood
CREATE TABLE IF NOT EXISTS `request_blood` (
  `id` int(11) NOT NULL AUTO_INCREMENT,
  `blood_group_id` int(11) NOT NULL,
  `division_id` int(11) NOT NULL,
  `quantity` varchar(255) COLLATE utf8_unicode_ci DEFAULT NULL,
  `date` date DEFAULT NULL,
  `status` enum('0','1','2','3') COLLATE utf8_unicode_ci DEFAULT '0' COMMENT '''0'' =''requested'', ''1''=''pending'',''2''=''donate'',''3''=''cancel''',
  `updated_by` int(11) NOT NULL,
  `updated_at` datetime NOT NULL,
  PRIMARY KEY (`id`) USING BTREE,
  KEY `course_id` (`division_id`) USING BTREE,
  KEY `term_id` (`quantity`) USING BTREE
) ENGINE=InnoDB AUTO_INCREMENT=11 DEFAULT CHARSET=utf8 COLLATE=utf8_unicode_ci ROW_FORMAT=DYNAMIC;

-- Dumping data for table blood_bank.request_blood: ~8 rows (approximately)
DELETE FROM `request_blood`;
/*!40000 ALTER TABLE `request_blood` DISABLE KEYS */;
INSERT INTO `request_blood` (`id`, `blood_group_id`, `division_id`, `quantity`, `date`, `status`, `updated_by`, `updated_at`) VALUES
	(1, 1, 4, '1', '2021-01-19', NULL, 1, '2021-01-26 10:01:46'),
	(4, 1, 1, '1', '2021-01-27', '3', 1, '2021-01-26 10:05:04'),
	(5, 1, 1, '1', '2021-01-27', '2', 1, '2021-01-26 10:05:16'),
	(6, 3, 1, '1', '2021-01-20', '3', 1, '2021-01-26 10:06:29'),
	(7, 1, 1, '1', '2021-01-12', '1', 1, '2021-01-26 10:07:20'),
	(8, 1, 1, '1', '2021-01-21', '1', 1, '2021-01-26 12:02:54'),
	(9, 1, 1, '2', '2021-01-30', '1', 1, '2021-01-27 05:56:57'),
	(10, 1, 4, '1', '2021-01-30', '0', 1, '2021-01-27 05:57:15');
/*!40000 ALTER TABLE `request_blood` ENABLE KEYS */;

-- Dumping structure for table blood_bank.thana
CREATE TABLE IF NOT EXISTS `thana` (
  `id` int(11) NOT NULL AUTO_INCREMENT,
  `name` varchar(255) COLLATE utf8_unicode_ci NOT NULL,
  `district_id` int(11) NOT NULL,
  `status` enum('0','1') COLLATE utf8_unicode_ci NOT NULL COMMENT '0=inactive,1=Active',
  `created_at` datetime NOT NULL,
  `created_by` int(11) NOT NULL,
  `updated_at` datetime NOT NULL,
  `updated_by` int(11) NOT NULL,
  PRIMARY KEY (`id`),
  KEY `district_id` (`district_id`)
) ENGINE=InnoDB AUTO_INCREMENT=537 DEFAULT CHARSET=utf8 COLLATE=utf8_unicode_ci ROW_FORMAT=COMPACT;

-- Dumping data for table blood_bank.thana: ~535 rows (approximately)
DELETE FROM `thana`;
/*!40000 ALTER TABLE `thana` DISABLE KEYS */;
INSERT INTO `thana` (`id`, `name`, `district_id`, `status`, `created_at`, `created_by`, `updated_at`, `updated_by`) VALUES
	(1, 'Kaliganj', 3, '1', '2019-06-11 21:35:46', 3, '2019-06-11 21:35:46', 3),
	(2, 'Dhaka Cantonment', 1, '1', '2019-06-11 21:48:56', 3, '2019-06-11 21:48:56', 3),
	(4, 'Longadu', 3, '1', '2019-06-11 22:21:25', 3, '2019-06-11 22:21:25', 3),
	(5, 'Madhupur', 22, '1', '2019-06-11 22:21:34', 3, '2020-10-15 14:38:58', 500),
	(6, 'Pabna Sadar', 6, '1', '2019-11-13 13:03:33', 1, '2019-11-13 13:03:33', 1),
	(7, 'Anwara', 7, '1', '2020-10-15 09:57:49', 1, '2020-10-15 09:57:49', 1),
	(8, 'Banshkhali', 7, '1', '2020-10-15 09:58:03', 1, '2020-10-15 09:58:03', 1),
	(9, 'Boalkhali', 7, '1', '2020-10-15 09:58:22', 1, '2020-10-15 09:58:22', 1),
	(10, 'Chandanaish', 7, '1', '2020-10-15 09:58:51', 1, '2020-10-15 09:58:51', 1),
	(11, 'Fatikchhari', 7, '1', '2020-10-15 09:59:20', 1, '2020-10-15 09:59:20', 1),
	(12, 'Hathazari', 7, '1', '2020-10-15 09:59:52', 1, '2020-10-15 09:59:52', 1),
	(13, 'Lohagara', 7, '1', '2020-10-15 10:00:17', 1, '2020-10-15 10:00:17', 1),
	(14, 'Mirsharai', 7, '1', '2020-10-15 10:00:36', 1, '2020-10-15 10:00:36', 1),
	(15, 'Patiya', 7, '1', '2020-10-15 10:00:53', 1, '2020-10-15 10:00:53', 1),
	(16, 'Rangunia', 7, '1', '2020-10-15 10:01:17', 1, '2020-10-15 10:01:17', 1),
	(17, 'Raozan', 7, '1', '2020-10-15 10:01:35', 1, '2020-10-15 10:01:35', 1),
	(18, 'Sandwip', 7, '1', '2020-10-15 10:01:57', 1, '2020-10-15 10:01:57', 1),
	(19, 'Satjania', 7, '1', '2020-10-15 10:02:17', 1, '2020-10-15 10:02:17', 1),
	(20, 'Sitakunda', 7, '1', '2020-10-15 10:02:40', 1, '2020-10-15 10:02:40', 1),
	(21, 'Bandar', 7, '1', '2020-10-15 10:02:58', 1, '2020-10-15 10:02:58', 1),
	(22, 'Chandgaon', 7, '1', '2020-10-15 10:03:19', 1, '2020-10-15 10:03:19', 1),
	(23, 'Double Mooring', 7, '1', '2020-10-15 10:03:41', 1, '2020-10-15 10:03:41', 1),
	(24, 'Kotwali', 7, '1', '2020-10-15 10:04:00', 1, '2020-10-15 10:04:00', 1),
	(25, 'Pahartali', 7, '1', '2020-10-15 10:04:21', 1, '2020-10-15 10:04:21', 1),
	(26, 'Panchlaish', 7, '1', '2020-10-15 10:04:46', 1, '2020-10-15 10:04:46', 1),
	(27, 'Dhamrai', 1, '1', '2020-10-15 10:05:01', 1, '2020-10-15 10:05:01', 1),
	(28, 'Dohar', 1, '1', '2020-10-15 10:05:11', 1, '2020-10-15 10:05:11', 1),
	(29, 'Keraniganj', 1, '1', '2020-10-15 10:05:31', 1, '2020-10-15 10:05:31', 1),
	(30, 'Nawabganj', 1, '1', '2020-10-15 10:05:57', 1, '2020-10-15 10:05:57', 1),
	(31, 'Savar', 1, '1', '2020-10-15 10:06:08', 1, '2020-10-15 10:06:08', 1),
	(32, 'Bagha', 8, '1', '2020-10-15 10:06:45', 1, '2020-10-15 10:06:45', 1),
	(33, 'Bagmara', 8, '1', '2020-10-15 10:07:03', 1, '2020-10-15 10:07:03', 1),
	(34, 'Charghat', 8, '1', '2020-10-15 10:07:22', 1, '2020-10-15 10:07:22', 1),
	(35, 'Durgapur', 8, '1', '2020-10-15 10:07:40', 1, '2020-10-15 10:07:40', 1),
	(36, 'Godagari', 8, '1', '2020-10-15 10:07:56', 1, '2020-10-15 10:07:56', 1),
	(37, 'Mohanpur', 8, '1', '2020-10-15 10:08:18', 1, '2020-10-15 10:08:18', 1),
	(38, 'Paba', 8, '1', '2020-10-15 10:08:43', 1, '2020-10-15 10:08:43', 1),
	(39, 'Puthia', 8, '1', '2020-10-15 10:09:02', 1, '2020-10-15 10:09:02', 1),
	(40, 'Tanore', 8, '1', '2020-10-15 10:09:21', 1, '2020-10-15 10:09:21', 1),
	(41, 'Balaganj', 9, '1', '2020-10-15 10:09:57', 1, '2020-10-15 10:09:57', 1),
	(42, 'Beanibazar', 9, '1', '2020-10-15 10:10:35', 1, '2020-10-15 10:10:35', 1),
	(43, 'Bishwanath', 9, '1', '2020-10-15 10:11:07', 1, '2020-10-15 10:11:07', 1),
	(44, 'Companigonj', 9, '1', '2020-10-15 10:11:32', 1, '2020-10-15 10:11:32', 1),
	(45, 'Fenchuganj', 9, '1', '2020-10-15 10:11:52', 1, '2020-10-15 10:11:52', 1),
	(46, 'Golapganj', 9, '1', '2020-10-15 10:12:10', 1, '2020-10-15 10:12:10', 1),
	(47, 'Gowainghat', 9, '1', '2020-10-15 10:12:40', 1, '2020-10-15 10:12:40', 1),
	(48, 'Jaintiapur', 9, '1', '2020-10-15 10:13:01', 1, '2020-10-15 10:13:35', 1),
	(49, 'Kanaighat', 9, '1', '2020-10-15 10:13:56', 1, '2020-10-15 10:13:56', 1),
	(50, 'Sylhet Sadar', 9, '1', '2020-10-15 10:14:17', 1, '2020-10-15 10:14:17', 1),
	(51, 'Zakiganj', 9, '1', '2020-10-15 10:14:38', 1, '2020-10-15 10:14:38', 1),
	(52, 'South Shurma', 9, '1', '2020-10-15 10:14:56', 1, '2020-10-15 10:14:56', 1),
	(53, 'Osmani Nagar', 9, '1', '2020-10-15 10:15:17', 1, '2020-10-15 10:15:17', 1),
	(54, 'Abhaynagar', 14, '1', '2020-10-15 10:15:58', 1, '2020-10-15 10:15:58', 1),
	(55, 'Bagherpara', 14, '1', '2020-10-15 10:16:26', 1, '2020-10-15 10:16:26', 1),
	(56, 'Chaugachha', 14, '1', '2020-10-15 10:16:59', 1, '2020-10-15 10:16:59', 1),
	(57, 'Keshabpur', 14, '1', '2020-10-15 10:33:31', 1, '2020-10-15 10:33:31', 1),
	(58, 'Jessore Sadar', 14, '1', '2020-10-15 10:33:52', 1, '2020-10-15 10:33:52', 1),
	(59, 'Manirampur', 14, '1', '2020-10-15 10:34:23', 1, '2020-10-15 10:34:23', 1),
	(60, 'Sharsha', 14, '1', '2020-10-15 10:34:46', 1, '2020-10-15 10:34:46', 1),
	(61, 'Birampur', 15, '1', '2020-10-15 10:35:19', 1, '2020-10-15 10:35:19', 1),
	(62, 'Birganj', 15, '1', '2020-10-15 10:35:45', 1, '2020-10-15 10:35:45', 1),
	(63, 'Biral', 15, '1', '2020-10-15 10:36:01', 1, '2020-10-15 10:36:01', 1),
	(64, 'Bochaganj', 15, '1', '2020-10-15 10:36:27', 1, '2020-10-15 10:36:27', 1),
	(65, 'Chirirbandar', 15, '1', '2020-10-15 10:36:59', 1, '2020-10-15 10:36:59', 1),
	(66, 'Phulbari', 37, '1', '2020-10-15 10:37:22', 1, '2020-10-15 14:48:27', 500),
	(67, 'Ghoraghat', 15, '1', '2020-10-15 10:37:48', 1, '2020-10-15 10:37:48', 1),
	(68, 'Hakimpur', 15, '1', '2020-10-15 10:38:08', 1, '2020-10-15 10:38:08', 1),
	(69, 'Kaharole', 15, '1', '2020-10-15 10:38:32', 1, '2020-10-15 10:38:32', 1),
	(70, 'Khansama', 15, '1', '2020-10-15 10:39:08', 1, '2020-10-15 10:39:08', 1),
	(71, 'Dinajpur Sadar', 15, '1', '2020-10-15 10:39:31', 1, '2020-10-15 10:39:31', 1),
	(72, 'Parbatipur', 15, '1', '2020-10-15 10:40:13', 1, '2020-10-15 10:40:13', 1),
	(73, 'Bhaluka', 10, '1', '2020-10-15 10:40:32', 1, '2020-10-15 15:20:08', 500),
	(74, 'Dhobaura', 10, '1', '2020-10-15 10:40:51', 1, '2020-10-15 10:40:51', 1),
	(75, 'Fulbaria', 10, '1', '2020-10-15 10:41:08', 1, '2020-10-15 10:41:08', 1),
	(76, 'Gaffargaon', 10, '1', '2020-10-15 10:41:30', 1, '2020-10-15 10:41:30', 1),
	(77, 'Amtali', 29, '1', '2020-10-15 10:52:38', 1, '2020-10-15 10:52:38', 1),
	(78, 'Bamna', 29, '1', '2020-10-15 10:53:17', 1, '2020-10-15 10:53:17', 1),
	(79, 'Barguna Sadar', 29, '1', '2020-10-15 10:53:49', 1, '2020-10-15 10:53:49', 1),
	(80, 'Betagi', 29, '1', '2020-10-15 10:54:15', 1, '2020-10-15 10:54:15', 1),
	(81, 'Patharghata', 29, '1', '2020-10-15 10:54:44', 1, '2020-10-15 10:54:44', 1),
	(82, 'Taltali', 29, '1', '2020-10-15 10:55:01', 1, '2020-10-15 10:55:01', 1),
	(83, 'Agailjhara', 11, '1', '2020-10-15 10:55:47', 1, '2020-10-15 10:55:47', 1),
	(84, 'Babuganj', 11, '1', '2020-10-15 10:56:03', 1, '2020-10-15 10:56:03', 1),
	(85, 'Bakerganj', 11, '1', '2020-10-15 10:56:16', 1, '2020-10-15 10:56:16', 1),
	(86, 'Banari Para', 11, '1', '2020-10-15 10:56:44', 1, '2020-10-15 10:56:44', 1),
	(87, 'Gaurnadi', 11, '1', '2020-10-15 10:57:04', 1, '2020-10-15 10:57:04', 1),
	(88, 'Hizla', 11, '1', '2020-10-15 10:57:19', 1, '2020-10-15 10:57:19', 1),
	(89, 'Barisal Sadar', 11, '1', '2020-10-15 10:57:39', 1, '2020-10-15 10:57:39', 1),
	(90, 'Mhendiganj', 11, '1', '2020-10-15 10:58:03', 1, '2020-10-15 10:58:03', 1),
	(91, 'Muladi', 11, '1', '2020-10-15 10:58:15', 1, '2020-10-15 10:58:15', 1),
	(92, 'Wazirpur', 11, '1', '2020-10-15 10:58:44', 1, '2020-10-15 10:58:44', 1),
	(93, 'Bhola Sadar', 24, '1', '2020-10-15 10:59:19', 1, '2020-10-15 10:59:19', 1),
	(94, 'Burhanuddin', 24, '1', '2020-10-15 10:59:36', 1, '2020-10-15 10:59:36', 1),
	(95, 'Char Fasson', 24, '1', '2020-10-15 10:59:56', 1, '2020-10-15 10:59:56', 1),
	(96, 'Daulat Khan', 24, '1', '2020-10-15 11:00:21', 1, '2020-10-15 11:00:21', 1),
	(97, 'Lalmohan', 24, '1', '2020-10-15 11:00:48', 1, '2020-10-15 11:00:48', 1),
	(98, 'Manpura', 24, '1', '2020-10-15 11:01:03', 1, '2020-10-15 11:01:03', 1),
	(99, 'Tazumuddin', 24, '1', '2020-10-15 11:01:23', 1, '2020-10-15 11:01:23', 1),
	(100, 'Jhalokat Sadar', 30, '1', '2020-10-15 11:02:12', 1, '2020-10-15 17:27:08', 500),
	(101, 'Kanthalia', 30, '1', '2020-10-15 11:03:08', 1, '2020-10-15 11:03:08', 1),
	(102, 'Nakchity', 30, '1', '2020-10-15 11:03:33', 1, '2020-10-15 11:03:33', 1),
	(103, 'Rajapur', 30, '1', '2020-10-15 11:05:40', 1, '2020-10-15 11:05:40', 1),
	(104, 'Bauphal', 32, '1', '2020-10-15 11:06:54', 1, '2020-10-15 11:06:54', 1),
	(105, 'Dashmina', 32, '1', '2020-10-15 11:08:03', 1, '2020-10-15 11:08:03', 1),
	(106, 'Dumki', 32, '1', '2020-10-15 11:08:23', 1, '2020-10-15 11:08:23', 1),
	(107, 'Galachipa', 32, '1', '2020-10-15 11:08:51', 1, '2020-10-15 11:08:51', 1),
	(108, 'Kalapara', 32, '1', '2020-10-15 11:09:13', 1, '2020-10-15 11:09:13', 1),
	(109, 'Mirzaganj', 32, '1', '2020-10-15 11:09:33', 1, '2020-10-15 11:09:33', 1),
	(110, 'Patuakhali Sadar', 32, '1', '2020-10-15 11:09:55', 1, '2020-10-15 11:09:55', 1),
	(111, 'Rangabali', 32, '1', '2020-10-15 11:10:11', 1, '2020-10-15 11:10:11', 1),
	(112, 'Bhandaria', 31, '1', '2020-10-15 11:10:52', 1, '2020-10-15 11:10:52', 1),
	(113, 'Kawkhali', 31, '1', '2020-10-15 11:11:11', 1, '2020-10-15 11:11:11', 1),
	(114, 'Mathbaria', 31, '1', '2020-10-15 11:11:27', 1, '2020-10-15 11:11:27', 1),
	(115, 'Nazirpur', 31, '1', '2020-10-15 11:11:42', 1, '2020-10-15 11:11:42', 1),
	(116, 'Pirojpur Sadar', 31, '1', '2020-10-15 11:12:15', 1, '2020-10-15 11:12:15', 1),
	(117, 'Nesarabad', 31, '1', '2020-10-15 11:12:38', 1, '2020-10-15 11:12:38', 1),
	(118, 'Zianagar', 31, '1', '2020-10-15 11:12:55', 1, '2020-10-15 11:12:55', 1),
	(119, 'Alikadam', 25, '1', '2020-10-15 11:13:32', 1, '2020-10-15 11:13:32', 1),
	(120, 'Bandarban Sadar', 25, '1', '2020-10-15 11:13:52', 1, '2020-10-15 11:13:52', 1),
	(121, 'Lama', 25, '1', '2020-10-15 11:14:05', 1, '2020-10-15 11:14:05', 1),
	(122, 'Naikhongchhari', 25, '1', '2020-10-15 11:14:26', 1, '2020-10-15 11:14:26', 1),
	(123, 'Rowangchhari', 25, '1', '2020-10-15 11:14:51', 1, '2020-10-15 11:14:51', 1),
	(124, 'Ruma', 25, '1', '2020-10-15 11:15:09', 1, '2020-10-15 11:15:09', 1),
	(125, 'Thanchi', 25, '1', '2020-10-15 11:15:24', 1, '2020-10-15 11:15:24', 1),
	(126, 'Akhaura', 52, '1', '2020-10-15 11:15:52', 1, '2020-10-15 11:15:52', 1),
	(127, 'Banchharampur', 52, '1', '2020-10-15 11:16:19', 1, '2020-10-15 11:16:19', 1),
	(128, 'Bijoynagar', 52, '1', '2020-10-15 11:21:52', 1, '2020-10-15 11:21:52', 1),
	(129, 'Brahbanbaria Sadar', 52, '1', '2020-10-15 11:22:35', 1, '2020-10-15 11:22:35', 1),
	(130, 'Ashuganj', 52, '1', '2020-10-15 11:23:03', 1, '2020-10-15 11:23:03', 1),
	(131, 'Kasba', 52, '1', '2020-10-15 11:23:14', 1, '2020-10-15 11:23:14', 1),
	(132, 'Nabinagar', 52, '1', '2020-10-15 11:23:30', 1, '2020-10-15 11:23:30', 1),
	(133, 'Nasirnagar', 52, '1', '2020-10-15 11:23:47', 1, '2020-10-15 11:23:47', 1),
	(134, 'sarail', 52, '1', '2020-10-15 11:24:00', 1, '2020-10-15 11:24:00', 1),
	(135, 'Chandpur Sadar', 26, '1', '2020-10-15 11:24:37', 1, '2020-10-15 17:21:43', 500),
	(136, 'Faridganj', 26, '1', '2020-10-15 11:24:55', 1, '2020-10-15 11:24:55', 1),
	(137, 'Haim Char', 26, '1', '2020-10-15 11:25:22', 1, '2020-10-15 11:25:22', 1),
	(138, 'Hajiganj', 26, '1', '2020-10-15 11:25:41', 1, '2020-10-15 11:25:41', 1),
	(139, 'Kachua', 26, '1', '2020-10-15 11:25:59', 1, '2020-10-15 11:25:59', 1),
	(140, 'Matlab Dikshin', 26, '1', '2020-10-15 11:26:43', 1, '2020-10-15 11:26:43', 1),
	(141, 'Matlab Uttar', 26, '1', '2020-10-15 11:27:12', 1, '2020-10-15 11:27:12', 1),
	(142, 'Shahrasti', 26, '1', '2020-10-15 11:27:39', 1, '2020-10-15 11:27:39', 1),
	(143, 'Anowara', 7, '1', '2020-10-15 11:28:02', 1, '2020-10-15 11:28:02', 1),
	(144, 'Bayejid Bostami', 7, '1', '2020-10-15 11:28:28', 1, '2020-10-15 11:28:28', 1),
	(145, 'Bakalia', 7, '1', '2020-10-15 11:29:08', 1, '2020-10-15 11:29:08', 1),
	(146, 'Barura', 16, '1', '2020-10-15 11:30:46', 1, '2020-10-15 11:30:46', 1),
	(147, 'Brahman Para', 16, '1', '2020-10-15 11:31:05', 1, '2020-10-15 11:31:05', 1),
	(148, 'Burichang', 16, '1', '2020-10-15 11:31:20', 1, '2020-10-15 11:31:20', 1),
	(149, 'Chandina', 16, '1', '2020-10-15 11:31:56', 1, '2020-10-15 11:31:56', 1),
	(150, 'Chauddagram', 16, '1', '2020-10-15 11:32:20', 1, '2020-10-15 11:32:20', 1),
	(151, 'Comilla Sadar Dakshin', 16, '1', '2020-10-15 11:32:41', 1, '2020-10-15 11:32:41', 1),
	(152, 'Daudkandi', 16, '1', '2020-10-15 11:33:06', 1, '2020-10-15 11:33:06', 1),
	(153, 'Debidwar', 16, '1', '2020-10-15 11:33:24', 1, '2020-10-15 11:33:24', 1),
	(154, 'Homna', 16, '1', '2020-10-15 11:33:35', 1, '2020-10-15 11:33:35', 1),
	(155, 'Comilla Adarsha Sadar', 16, '1', '2020-10-15 11:34:03', 1, '2020-10-15 11:34:03', 1),
	(156, 'Laksam', 16, '1', '2020-10-15 11:34:17', 1, '2020-10-15 11:34:17', 1),
	(157, 'Manoharganj', 16, '1', '2020-10-15 11:34:45', 1, '2020-10-15 11:34:45', 1),
	(158, 'Meghna', 16, '1', '2020-10-15 11:35:02', 1, '2020-10-15 11:35:02', 1),
	(159, 'Muradnagar', 16, '1', '2020-10-15 11:35:21', 1, '2020-10-15 11:35:21', 1),
	(160, 'Nangalkot', 16, '1', '2020-10-15 11:35:48', 1, '2020-10-15 11:35:48', 1),
	(161, 'Titas', 16, '1', '2020-10-15 11:36:55', 1, '2020-10-15 11:36:55', 1),
	(162, 'Chakaria', 54, '1', '2020-10-15 11:37:49', 1, '2020-10-15 11:37:49', 1),
	(163, 'Cox\'s Bazar Sadar', 54, '1', '2020-10-15 11:38:09', 1, '2020-10-15 11:38:09', 1),
	(164, 'Kutubdia', 54, '1', '2020-10-15 11:38:28', 1, '2020-10-15 11:38:28', 1),
	(165, 'Maheshkhali', 54, '1', '2020-10-15 11:39:10', 1, '2020-10-15 11:39:10', 1),
	(166, 'Pekua', 54, '1', '2020-10-15 11:39:25', 1, '2020-10-15 11:39:25', 1),
	(167, 'Teknaf', 54, '1', '2020-10-15 11:39:59', 1, '2020-10-15 11:39:59', 1),
	(168, 'Ukhia', 54, '1', '2020-10-15 11:40:12', 1, '2020-10-15 11:40:12', 1),
	(169, 'Chhagalnaiya', 51, '1', '2020-10-15 12:01:43', 1, '2020-10-15 12:01:43', 1),
	(170, 'Daganbhuiyan', 51, '1', '2020-10-15 12:02:15', 1, '2020-10-15 12:02:15', 1),
	(171, 'Feni Sadar', 51, '1', '2020-10-15 12:02:29', 1, '2020-10-15 12:02:29', 1),
	(172, 'Fulgazi', 51, '1', '2020-10-15 12:02:51', 1, '2020-10-15 12:02:51', 1),
	(173, 'Parshuram', 51, '1', '2020-10-15 12:03:11', 1, '2020-10-15 12:03:11', 1),
	(174, 'Sonagazi', 51, '1', '2020-10-15 12:03:25', 1, '2020-10-15 12:03:25', 1),
	(175, 'Sonacazi', 51, '1', '2020-10-15 12:09:49', 1, '2020-10-15 12:09:49', 1),
	(176, 'Dighinala', 50, '1', '2020-10-15 12:10:44', 1, '2020-10-15 12:10:44', 1),
	(177, 'Khagrachhari Sadar', 50, '1', '2020-10-15 12:11:14', 1, '2020-10-15 12:11:14', 1),
	(178, 'Lakshmichhari', 50, '1', '2020-10-15 12:11:39', 1, '2020-10-15 12:11:39', 1),
	(179, 'Mahalchhari', 50, '1', '2020-10-15 12:12:19', 1, '2020-10-15 12:12:19', 1),
	(180, 'Matiranga', 50, '1', '2020-10-15 12:12:39', 1, '2020-10-15 12:12:39', 1),
	(181, 'Panchhari', 50, '1', '2020-10-15 12:13:18', 1, '2020-10-15 12:13:18', 1),
	(182, 'Araihazar', 64, '1', '2020-10-15 12:13:28', 500, '2020-10-15 12:13:28', 500),
	(183, 'Ramgarh', 50, '1', '2020-10-15 12:13:38', 1, '2020-10-15 12:13:38', 1),
	(184, 'Sonargaon', 64, '1', '2020-10-15 12:13:54', 500, '2020-10-15 12:13:54', 500),
	(185, 'Kamalnagar', 28, '1', '2020-10-15 12:14:22', 1, '2020-10-15 12:14:22', 1),
	(186, 'Lakshmipur Sadar', 28, '1', '2020-10-15 12:14:44', 1, '2020-10-15 12:14:44', 1),
	(187, 'Narayanganj Sadar', 64, '1', '2020-10-15 12:14:53', 500, '2020-10-15 12:14:53', 500),
	(188, 'Roypur', 28, '1', '2020-10-15 12:15:05', 1, '2020-10-15 12:15:05', 1),
	(189, 'Rupganj', 64, '1', '2020-10-15 12:15:10', 500, '2020-10-15 12:15:10', 500),
	(190, 'Ramganj', 28, '1', '2020-10-15 12:15:32', 1, '2020-10-15 12:15:32', 1),
	(191, 'Ramgati', 28, '1', '2020-10-15 12:15:53', 1, '2020-10-15 12:15:53', 1),
	(192, 'Narayanganj Bandar', 64, '1', '2020-10-15 12:19:42', 500, '2020-10-15 12:19:42', 500),
	(193, 'Belabo', 63, '1', '2020-10-15 12:20:07', 500, '2020-10-15 12:20:07', 500),
	(194, 'Manohardi', 63, '1', '2020-10-15 12:20:24', 500, '2020-10-15 12:20:24', 500),
	(195, 'Narsingdi Sadar', 63, '1', '2020-10-15 12:20:41', 500, '2020-10-15 12:20:41', 500),
	(196, 'Palash', 63, '1', '2020-10-15 12:20:54', 500, '2020-10-15 12:20:54', 500),
	(197, 'Roypura', 63, '1', '2020-10-15 12:21:07', 500, '2020-10-15 12:21:07', 500),
	(198, 'Shibpur', 63, '1', '2020-10-15 12:21:19', 500, '2020-10-15 12:21:19', 500),
	(199, 'Atpara', 61, '1', '2020-10-15 12:21:48', 500, '2020-10-15 12:21:48', 500),
	(200, 'Barhatta', 61, '1', '2020-10-15 12:22:03', 500, '2020-10-15 12:22:03', 500),
	(201, 'Khaliajuri', 61, '1', '2020-10-15 12:22:20', 500, '2020-10-15 12:22:20', 500),
	(202, 'Kalmakanda', 61, '1', '2020-10-15 12:22:33', 500, '2020-10-15 12:22:33', 500),
	(203, 'Kendua', 61, '1', '2020-10-15 12:22:43', 500, '2020-10-15 12:22:43', 500),
	(204, 'Madan', 61, '1', '2020-10-15 12:22:53', 500, '2020-10-15 12:22:53', 500),
	(205, 'Mohanganj', 61, '1', '2020-10-15 12:23:02', 500, '2020-10-15 12:23:02', 500),
	(206, 'Netrokona Sadar', 61, '1', '2020-10-15 12:23:15', 500, '2020-10-15 12:23:15', 500),
	(207, 'Purbadhala', 61, '1', '2020-10-15 12:23:26', 500, '2020-10-15 12:23:26', 500),
	(208, 'Baliakandi', 57, '1', '2020-10-15 12:25:16', 500, '2020-10-15 12:25:16', 500),
	(209, 'Goalanda', 57, '1', '2020-10-15 12:25:24', 500, '2020-10-15 12:25:24', 500),
	(210, 'Kalukhali', 57, '1', '2020-10-15 12:25:31', 500, '2020-10-15 12:25:31', 500),
	(211, 'Pangsha', 57, '1', '2020-10-15 12:25:39', 500, '2020-10-15 12:25:39', 500),
	(212, 'Rajbari Sadar', 57, '1', '2020-10-15 12:25:49', 500, '2020-10-15 12:25:49', 500),
	(213, 'Bhedarganj', 55, '1', '2020-10-15 12:26:23', 500, '2020-10-15 12:26:23', 500),
	(214, 'Damudya', 55, '1', '2020-10-15 12:26:35', 500, '2020-10-15 12:26:35', 500),
	(215, 'Gosairhat', 55, '1', '2020-10-15 12:26:44', 500, '2020-10-15 12:26:44', 500),
	(216, 'Naria', 55, '1', '2020-10-15 12:26:50', 500, '2020-10-15 12:26:50', 500),
	(217, 'Shariatpur Sadar', 55, '1', '2020-10-15 12:27:00', 500, '2020-10-15 12:27:00', 500),
	(218, 'Zanjira', 55, '1', '2020-10-15 12:27:08', 500, '2020-10-15 12:27:08', 500),
	(219, 'Jhenaigati', 60, '1', '2020-10-15 12:28:11', 500, '2020-10-15 12:28:11', 500),
	(220, 'Nakla', 60, '1', '2020-10-15 12:28:19', 500, '2020-10-15 12:28:19', 500),
	(221, 'Nalitabari', 60, '1', '2020-10-15 12:28:42', 500, '2020-10-15 12:28:42', 500),
	(222, 'Sherpur Sadar', 60, '1', '2020-10-15 12:28:50', 500, '2020-10-15 12:28:50', 500),
	(223, 'Sreebardi', 60, '1', '2020-10-15 12:28:56', 500, '2020-10-15 12:28:56', 500),
	(224, 'Basail', 22, '1', '2020-10-15 12:29:16', 500, '2020-10-15 12:29:16', 500),
	(225, 'Bhuapur', 22, '1', '2020-10-15 12:29:22', 500, '2020-10-15 12:29:22', 500),
	(226, 'Delduar', 22, '1', '2020-10-15 12:29:29', 500, '2020-10-15 12:29:29', 500),
	(227, 'Dhanbari', 22, '1', '2020-10-15 12:29:35', 500, '2020-10-15 12:29:35', 500),
	(228, 'Ghatail', 22, '1', '2020-10-15 12:29:41', 500, '2020-10-15 12:29:41', 500),
	(229, 'Gopalpur', 22, '1', '2020-10-15 12:29:49', 500, '2020-10-15 12:29:49', 500),
	(230, 'Kalihati', 22, '1', '2020-10-15 12:29:56', 500, '2020-10-15 12:29:56', 500),
	(231, 'Mirzapur', 22, '1', '2020-10-15 12:30:10', 500, '2020-10-15 12:30:10', 500),
	(232, 'Nagarpur', 22, '1', '2020-10-15 12:30:18', 500, '2020-10-15 12:30:18', 500),
	(233, 'Sakhipur', 22, '1', '2020-10-15 12:30:28', 500, '2020-10-15 12:30:28', 500),
	(234, 'Tangail Sadar', 22, '1', '2020-10-15 12:30:37', 500, '2020-10-15 12:30:37', 500),
	(235, 'Bagerhat Sadar', 42, '1', '2020-10-15 12:31:39', 500, '2020-10-15 12:31:39', 500),
	(236, 'Chitalmari', 42, '1', '2020-10-15 12:31:47', 500, '2020-10-15 12:31:47', 500),
	(237, 'Fakirhat', 42, '1', '2020-10-15 12:31:52', 500, '2020-10-15 12:31:52', 500),
	(238, 'Mollahat', 42, '1', '2020-10-15 12:32:08', 500, '2020-10-15 12:32:08', 500),
	(239, 'Mongla', 42, '1', '2020-10-15 12:32:15', 500, '2020-10-15 12:32:15', 500),
	(240, 'Morrelganj', 42, '1', '2020-10-15 12:32:24', 500, '2020-10-15 12:32:24', 500),
	(241, 'Rampal', 42, '1', '2020-10-15 12:32:30', 500, '2020-10-15 12:32:30', 500),
	(242, 'Sarankhola', 42, '1', '2020-10-15 12:32:39', 500, '2020-10-15 12:32:39', 500),
	(243, 'Alamdanga', 43, '1', '2020-10-15 12:33:30', 500, '2020-10-15 12:33:30', 500),
	(244, 'Chuadanga Sadar', 43, '1', '2020-10-15 12:33:38', 500, '2020-10-15 12:33:38', 500),
	(245, 'Damurhuda', 43, '1', '2020-10-15 12:33:44', 500, '2020-10-15 12:33:44', 500),
	(246, 'Jiban Nagar', 43, '1', '2020-10-15 12:34:18', 500, '2020-10-15 12:34:18', 500),
	(247, 'Bagher Para', 14, '1', '2020-10-15 12:34:54', 500, '2020-10-15 12:34:54', 500),
	(248, 'Jhikargachha', 14, '1', '2020-10-15 12:36:16', 500, '2020-10-15 12:36:16', 500),
	(249, 'Harinakunda', 33, '1', '2020-10-15 12:37:59', 500, '2020-10-15 12:37:59', 500),
	(250, 'Jhenaidah Sadar', 33, '1', '2020-10-15 12:38:09', 500, '2020-10-15 12:38:09', 500),
	(251, 'Kotchandpur', 33, '1', '2020-10-15 12:38:22', 500, '2020-10-15 12:38:22', 500),
	(252, 'Maheshpur', 33, '1', '2020-10-15 12:38:30', 500, '2020-10-15 12:38:30', 500),
	(253, 'Shailkupa', 33, '1', '2020-10-15 12:38:37', 500, '2020-10-15 12:38:37', 500),
	(254, 'Batiaghata', 13, '1', '2020-10-15 12:39:25', 500, '2020-10-15 12:39:25', 500),
	(255, 'Dacope', 13, '1', '2020-10-15 12:39:31', 500, '2020-10-15 12:39:31', 500),
	(256, 'Daulatpur', 13, '1', '2020-10-15 12:39:37', 500, '2020-10-15 12:39:37', 500),
	(257, 'Dumuria', 13, '1', '2020-10-15 12:39:42', 500, '2020-10-15 12:39:42', 500),
	(258, 'Dighalia', 13, '1', '2020-10-15 12:40:15', 500, '2020-10-15 12:40:15', 500),
	(259, 'Khalishpur', 13, '1', '2020-10-15 12:40:32', 500, '2020-10-15 12:40:32', 500),
	(260, 'Khan Jahan Ali', 13, '1', '2020-10-15 12:40:41', 500, '2020-10-15 12:40:41', 500),
	(261, 'Khulna Sadar', 13, '1', '2020-10-15 12:40:48', 500, '2020-10-15 12:40:48', 500),
	(262, 'Koyra', 13, '1', '2020-10-15 12:40:54', 500, '2020-10-15 12:40:54', 500),
	(263, 'Paikgachha', 13, '1', '2020-10-15 12:41:01', 500, '2020-10-15 12:41:01', 500),
	(264, 'Phultala', 13, '1', '2020-10-15 12:41:07', 500, '2020-10-15 12:41:07', 500),
	(265, 'Rupsa', 13, '1', '2020-10-15 12:41:39', 500, '2020-10-15 12:41:39', 500),
	(266, 'Sonadanga', 13, '1', '2020-10-15 12:41:44', 500, '2020-10-15 12:41:44', 500),
	(267, 'Terokhada', 13, '1', '2020-10-15 12:41:51', 500, '2020-10-15 12:41:51', 500),
	(268, 'Bheramara', 20, '1', '2020-10-15 12:42:08', 500, '2020-10-15 12:42:08', 500),
	(269, 'Khoksa', 20, '1', '2020-10-15 12:42:22', 500, '2020-10-15 12:42:22', 500),
	(270, 'Kumarkhali', 20, '1', '2020-10-15 12:42:37', 500, '2020-10-15 12:42:37', 500),
	(271, 'Kushtia Sadar', 20, '1', '2020-10-15 12:42:42', 500, '2020-10-15 12:42:42', 500),
	(272, 'Mirpur', 20, '1', '2020-10-15 12:43:57', 500, '2020-10-15 12:43:57', 500),
	(273, 'Magura Sadar', 35, '1', '2020-10-15 12:44:22', 500, '2020-10-15 12:44:22', 500),
	(274, 'Mohammadpur', 35, '1', '2020-10-15 12:44:30', 500, '2020-10-15 12:44:30', 500),
	(275, 'Shalikha', 35, '1', '2020-10-15 12:44:37', 500, '2020-10-15 12:44:37', 500),
	(276, 'Sreepur', 35, '1', '2020-10-15 12:44:45', 500, '2020-10-15 12:44:45', 500),
	(277, 'Gangni', 44, '1', '2020-10-15 12:45:01', 500, '2020-10-15 12:45:01', 500),
	(278, 'Mujib Nagar', 44, '1', '2020-10-15 12:45:11', 500, '2020-10-15 12:45:11', 500),
	(279, 'Meherpur Sadar', 44, '1', '2020-10-15 12:45:22', 500, '2020-10-15 12:45:22', 500),
	(280, 'Kalia', 34, '1', '2020-10-15 12:45:40', 500, '2020-10-15 12:45:40', 500),
	(281, 'Narail Sadar', 34, '1', '2020-10-15 12:45:55', 500, '2020-10-15 12:45:55', 500),
	(282, 'Assasuni', 41, '1', '2020-10-15 12:46:25', 500, '2020-10-15 12:46:25', 500),
	(283, 'Debhata', 41, '1', '2020-10-15 12:46:35', 500, '2020-10-15 12:46:35', 500),
	(284, 'Kalaroa', 41, '1', '2020-10-15 12:46:41', 500, '2020-10-15 12:46:41', 500),
	(285, 'Satkhira Sadar', 41, '1', '2020-10-15 12:46:55', 500, '2020-10-15 12:46:55', 500),
	(286, 'Shyamnagar', 41, '1', '2020-10-15 12:47:01', 500, '2020-10-15 12:47:01', 500),
	(287, 'Tala', 41, '1', '2020-10-15 12:47:08', 500, '2020-10-15 12:47:08', 500),
	(288, 'Adamdighi', 18, '1', '2020-10-15 12:47:39', 500, '2020-10-15 12:47:39', 500),
	(289, 'Bogra Sadar', 18, '1', '2020-10-15 12:47:45', 500, '2020-10-15 12:47:45', 500),
	(290, 'Dhunat', 18, '1', '2020-10-15 12:47:50', 500, '2020-10-15 12:47:50', 500),
	(291, 'Dhupchanchia', 18, '1', '2020-10-15 12:47:55', 500, '2020-10-15 12:47:55', 500),
	(292, 'Gabtali', 18, '1', '2020-10-15 12:48:01', 500, '2020-10-15 12:48:01', 500),
	(293, 'Kahaloo', 18, '1', '2020-10-15 12:48:07', 500, '2020-10-15 12:48:07', 500),
	(294, 'Nandigram', 18, '1', '2020-10-15 12:48:15', 500, '2020-10-15 12:48:15', 500),
	(295, 'Sariakandi', 18, '1', '2020-10-15 12:48:21', 500, '2020-10-15 12:48:21', 500),
	(296, 'Shajahanpur', 18, '1', '2020-10-15 12:48:39', 500, '2020-10-15 12:48:39', 500),
	(297, 'Sherpur', 18, '1', '2020-10-15 12:48:46', 500, '2020-10-15 12:48:46', 500),
	(298, 'Shibganj', 18, '1', '2020-10-15 12:48:51', 500, '2020-10-15 12:48:51', 500),
	(299, 'Sonatola', 18, '1', '2020-10-15 12:48:55', 500, '2020-10-15 12:48:55', 500),
	(300, 'Akkelpur', 46, '1', '2020-10-15 12:49:17', 500, '2020-10-15 12:49:17', 500),
	(301, 'Joypurhat Sadar', 46, '1', '2020-10-15 12:49:24', 500, '2020-10-15 12:49:24', 500),
	(302, 'Kalai', 46, '1', '2020-10-15 12:49:31', 500, '2020-10-15 12:49:31', 500),
	(303, 'Khetlal', 46, '1', '2020-10-15 12:49:36', 500, '2020-10-15 12:49:36', 500),
	(304, 'Panchbibi', 46, '1', '2020-10-15 12:49:42', 500, '2020-10-15 12:49:42', 500),
	(305, 'Atrai', 48, '1', '2020-10-15 12:50:01', 500, '2020-10-15 12:50:01', 500),
	(306, 'Badalgachhi', 48, '1', '2020-10-15 12:50:08', 500, '2020-10-15 12:50:08', 500),
	(307, 'Dhamoirhat', 48, '1', '2020-10-15 12:50:13', 500, '2020-10-15 12:50:13', 500),
	(308, 'Manda', 48, '1', '2020-10-15 12:50:18', 500, '2020-10-15 12:50:18', 500),
	(309, 'Mahadebpur', 48, '1', '2020-10-15 12:50:23', 500, '2020-10-15 12:50:23', 500),
	(310, 'Naogaon Sadar', 48, '1', '2020-10-15 12:50:31', 500, '2020-10-15 12:50:31', 500),
	(311, 'Niamatpur', 48, '1', '2020-10-15 12:50:38', 500, '2020-10-15 12:50:38', 500),
	(312, 'Patnitala', 48, '1', '2020-10-15 12:50:46', 500, '2020-10-15 12:50:46', 500),
	(313, 'Porsha', 48, '1', '2020-10-15 12:50:55', 500, '2020-10-15 12:50:55', 500),
	(314, 'Raninagar', 48, '1', '2020-10-15 12:51:01', 500, '2020-10-15 12:51:01', 500),
	(315, 'Sapahar', 48, '1', '2020-10-15 12:51:07', 500, '2020-10-15 12:51:07', 500),
	(316, 'Bagatipara', 47, '1', '2020-10-15 12:51:25', 500, '2020-10-15 12:51:25', 500),
	(317, 'Baraigram', 47, '1', '2020-10-15 12:51:29', 500, '2020-10-15 12:51:29', 500),
	(318, 'Gurudaspur', 47, '1', '2020-10-15 12:51:39', 500, '2020-10-15 12:51:39', 500),
	(319, 'Lalpur', 47, '1', '2020-10-15 12:51:47', 500, '2020-10-15 12:51:47', 500),
	(320, 'Natore Sadar', 47, '1', '2020-10-15 12:52:02', 500, '2020-10-15 12:52:02', 500),
	(321, 'Singra', 47, '1', '2020-10-15 12:52:11', 500, '2020-10-15 12:52:11', 500),
	(322, 'Atgharia', 6, '1', '2020-10-15 12:55:50', 500, '2020-10-15 12:55:50', 500),
	(323, 'Bera', 6, '1', '2020-10-15 12:55:55', 500, '2020-10-15 12:55:55', 500),
	(324, 'Bhangura', 6, '1', '2020-10-15 12:56:01', 500, '2020-10-15 12:56:01', 500),
	(325, 'Chatmohar', 6, '1', '2020-10-15 12:56:07', 500, '2020-10-15 12:56:07', 500),
	(326, 'Faridpur', 6, '1', '2020-10-15 12:56:14', 500, '2020-10-15 12:56:14', 500),
	(327, 'Ishwardi', 6, '1', '2020-10-15 12:56:20', 500, '2020-10-15 12:56:20', 500),
	(328, 'Santhia', 6, '1', '2020-10-15 12:56:34', 500, '2020-10-15 12:56:34', 500),
	(329, 'Sujanagar', 6, '1', '2020-10-15 12:56:41', 500, '2020-10-15 12:56:41', 500),
	(330, 'Baghmara', 8, '1', '2020-10-15 12:57:21', 500, '2020-10-15 12:57:21', 500),
	(331, 'Boalia', 8, '1', '2020-10-15 12:57:27', 500, '2020-10-15 12:57:27', 500),
	(332, 'Matihar', 8, '1', '2020-10-15 12:58:05', 500, '2020-10-15 12:58:05', 500),
	(333, 'Rajpara', 8, '1', '2020-10-15 12:58:31', 500, '2020-10-15 12:58:31', 500),
	(334, 'Shah Makhdum', 8, '1', '2020-10-15 12:58:39', 500, '2020-10-15 12:58:39', 500),
	(335, 'Belkuchi', 45, '1', '2020-10-15 13:00:44', 500, '2020-10-15 13:00:44', 500),
	(336, 'Chauhali', 45, '1', '2020-10-15 13:00:51', 500, '2020-10-15 13:00:51', 500),
	(337, 'Kamarkhanda', 45, '1', '2020-10-15 13:00:57', 500, '2020-10-15 13:00:57', 500),
	(338, 'Kazipur', 45, '1', '2020-10-15 13:01:12', 500, '2020-10-15 13:01:12', 500),
	(339, 'Royganj', 45, '1', '2020-10-15 13:01:19', 500, '2020-10-15 13:01:19', 500),
	(340, 'Shahjadpur', 45, '1', '2020-10-15 13:01:24', 500, '2020-10-15 13:01:24', 500),
	(341, 'Sirajganj Sadar', 45, '1', '2020-10-15 13:01:31', 500, '2020-10-15 13:01:31', 500),
	(342, 'Tarash', 45, '1', '2020-10-15 13:01:35', 500, '2020-10-15 13:01:35', 500),
	(343, 'Ullah Para', 45, '1', '2020-10-15 13:01:48', 500, '2020-10-15 13:01:48', 500),
	(344, 'Fulbari', 15, '1', '2020-10-15 13:02:41', 500, '2020-10-15 13:02:41', 500),
	(345, 'Fulchhari', 39, '1', '2020-10-15 13:05:27', 500, '2020-10-15 13:05:27', 500),
	(346, 'Gaibandha Sadar', 39, '1', '2020-10-15 13:05:33', 500, '2020-10-15 13:05:33', 500),
	(347, 'Gobindaganj', 39, '1', '2020-10-15 13:05:39', 500, '2020-10-15 13:05:39', 500),
	(348, 'Palashbari', 39, '1', '2020-10-15 13:05:44', 500, '2020-10-15 13:05:44', 500),
	(349, 'Sadullapur', 39, '1', '2020-10-15 13:05:49', 500, '2020-10-15 13:05:49', 500),
	(350, 'Saghata', 39, '1', '2020-10-15 13:05:54', 500, '2020-10-15 13:05:54', 500),
	(351, 'Sundarganj', 39, '1', '2020-10-15 13:05:59', 500, '2020-10-15 13:05:59', 500),
	(352, 'Bhurungamari', 37, '1', '2020-10-15 13:06:20', 500, '2020-10-15 13:06:20', 500),
	(353, 'Char Rajibpur', 37, '1', '2020-10-15 13:06:27', 500, '2020-10-15 13:06:27', 500),
	(354, 'Chilmari', 37, '1', '2020-10-15 13:06:32', 500, '2020-10-15 13:06:32', 500),
	(355, 'Kurigram Sadar', 37, '1', '2020-10-15 13:06:47', 500, '2020-10-15 13:06:47', 500),
	(356, 'Nageshwari', 37, '1', '2020-10-15 13:06:51', 500, '2020-10-15 13:06:51', 500),
	(357, 'Rajarhat', 37, '1', '2020-10-15 13:06:56', 500, '2020-10-15 13:06:56', 500),
	(358, 'Raumari', 37, '1', '2020-10-15 13:07:01', 500, '2020-10-15 13:07:01', 500),
	(359, 'Ulipur', 37, '1', '2020-10-15 13:07:07', 500, '2020-10-15 13:07:07', 500),
	(360, 'Aditmari', 36, '1', '2020-10-15 13:07:41', 500, '2020-10-15 13:07:41', 500),
	(361, 'Hatibandha', 36, '1', '2020-10-15 13:07:50', 500, '2020-10-15 13:07:50', 500),
	(362, 'Lalmonirhat Sadar', 36, '1', '2020-10-15 13:08:00', 500, '2020-10-15 13:08:00', 500),
	(363, 'Patgram', 36, '1', '2020-10-15 13:08:04', 500, '2020-10-15 13:08:04', 500),
	(364, 'Dimla Upazila', 38, '1', '2020-10-15 13:09:12', 500, '2020-10-15 13:09:12', 500),
	(365, 'Domar Upazila', 38, '1', '2020-10-15 13:09:20', 500, '2020-10-15 13:09:20', 500),
	(366, 'Jaldhaka Upazila', 38, '1', '2020-10-15 13:09:28', 500, '2020-10-15 13:09:28', 500),
	(367, 'Kishoreganj Upazila', 38, '1', '2020-10-15 13:09:35', 500, '2020-10-15 13:09:35', 500),
	(368, 'Nilphamari Sadar Upaz', 38, '1', '2020-10-15 13:09:41', 500, '2020-10-15 13:09:41', 500),
	(369, 'Saidpur Upazila', 38, '1', '2020-10-15 13:09:50', 500, '2020-10-15 13:09:50', 500),
	(370, 'Atwari', 23, '1', '2020-10-15 13:10:08', 500, '2020-10-15 13:10:08', 500),
	(371, 'Boda', 23, '1', '2020-10-15 13:10:14', 500, '2020-10-15 13:10:14', 500),
	(372, 'Debiganj', 23, '1', '2020-10-15 13:10:20', 500, '2020-10-15 13:10:20', 500),
	(373, 'Panchagarh Sadar', 23, '1', '2020-10-15 13:10:26', 500, '2020-10-15 13:10:26', 500),
	(374, 'Tentulia', 23, '1', '2020-10-15 13:10:31', 500, '2020-10-15 13:10:31', 500),
	(375, 'Badarganj', 12, '1', '2020-10-15 13:10:54', 500, '2020-10-15 13:10:54', 500),
	(376, 'Gangachara', 12, '1', '2020-10-15 13:10:58', 500, '2020-10-15 13:10:58', 500),
	(377, 'Kaunia', 12, '1', '2020-10-15 13:11:02', 500, '2020-10-15 13:11:02', 500),
	(378, 'Rangpur Sadar', 12, '1', '2020-10-15 13:11:11', 500, '2020-10-15 13:11:11', 500),
	(379, 'Mitha Pukur', 12, '1', '2020-10-15 13:11:18', 500, '2020-10-15 13:11:18', 500),
	(380, 'Pirgachha', 12, '1', '2020-10-15 13:11:23', 500, '2020-10-15 13:11:23', 500),
	(381, 'Pirganj', 12, '1', '2020-10-15 13:11:28', 500, '2020-10-15 13:11:28', 500),
	(382, 'Taraganj', 12, '1', '2020-10-15 13:11:33', 500, '2020-10-15 13:11:33', 500),
	(383, 'Baliadangi', 40, '1', '2020-10-15 13:11:52', 500, '2020-10-15 13:11:52', 500),
	(384, 'Haripur', 40, '1', '2020-10-15 13:12:02', 500, '2020-10-15 13:12:02', 500),
	(385, 'Ranisankail', 40, '1', '2020-10-15 13:12:13', 500, '2020-10-15 13:12:13', 500),
	(386, 'Thakurgaon Sadar', 40, '1', '2020-10-15 13:12:27', 500, '2020-10-15 13:12:27', 500),
	(387, 'Ajmiriganj', 27, '1', '2020-10-15 13:13:03', 500, '2020-10-15 13:13:03', 500),
	(388, 'Bahubal', 27, '1', '2020-10-15 13:13:09', 500, '2020-10-15 13:13:09', 500),
	(389, 'Baniachong', 27, '1', '2020-10-15 13:13:14', 500, '2020-10-15 13:13:14', 500),
	(390, 'Chunarughat', 27, '1', '2020-10-15 13:13:18', 500, '2020-10-15 13:13:18', 500),
	(391, 'Habiganj Sadar', 27, '1', '2020-10-15 13:13:23', 500, '2020-10-15 13:13:23', 500),
	(392, 'Lakhai', 27, '1', '2020-10-15 13:13:27', 500, '2020-10-15 13:13:27', 500),
	(393, 'Madhabpur', 27, '1', '2020-10-15 13:13:32', 500, '2020-10-15 13:13:32', 500),
	(394, 'Nabiganj', 27, '1', '2020-10-15 13:13:37', 500, '2020-10-15 13:13:37', 500),
	(395, 'Bishwambarpur', 53, '1', '2020-10-15 13:14:31', 500, '2020-10-15 13:14:31', 500),
	(396, 'Chhatak', 53, '1', '2020-10-15 13:14:35', 500, '2020-10-15 13:14:35', 500),
	(397, 'Dakshin Sunamganj', 53, '1', '2020-10-15 13:14:43', 500, '2020-10-15 13:14:43', 500),
	(398, 'Derai', 53, '1', '2020-10-15 13:14:48', 500, '2020-10-15 13:14:48', 500),
	(399, 'Dharampasha', 53, '1', '2020-10-15 13:14:52', 500, '2020-10-15 13:14:52', 500),
	(400, 'Dowarabazar', 53, '1', '2020-10-15 13:14:58', 500, '2020-10-15 13:14:58', 500),
	(401, 'Jagannathpur', 53, '1', '2020-10-15 13:15:07', 500, '2020-10-15 13:15:07', 500),
	(402, 'Jamalganj', 53, '1', '2020-10-15 13:15:12', 500, '2020-10-15 13:15:12', 500),
	(403, 'Sulla', 53, '1', '2020-10-15 13:15:16', 500, '2020-10-15 13:15:16', 500),
	(404, 'Sunamganj Sadar', 53, '1', '2020-10-15 13:15:25', 500, '2020-10-15 13:15:25', 500),
	(405, 'Tahirpur', 53, '1', '2020-10-15 13:15:31', 500, '2020-10-15 13:15:31', 500),
	(406, 'Beani Bazar', 9, '1', '2020-10-15 13:15:58', 500, '2020-10-15 13:15:58', 500),
	(407, 'Companiganj', 9, '1', '2020-10-15 13:16:09', 500, '2020-10-15 13:16:09', 500),
	(408, 'Dakshin Surma', 9, '1', '2020-10-15 13:16:22', 500, '2020-10-15 13:16:22', 500),
	(409, 'Barlekha', 66, '1', '2020-10-15 13:21:06', 500, '2020-10-15 13:21:06', 500),
	(410, 'Juri', 66, '1', '2020-10-15 13:21:11', 500, '2020-10-15 13:21:11', 500),
	(411, 'Kamalganj', 66, '1', '2020-10-15 13:21:16', 500, '2020-10-15 13:21:16', 500),
	(412, 'Kulaura', 66, '1', '2020-10-15 13:21:22', 500, '2020-10-15 13:21:22', 500),
	(413, 'Maulvibazar Sadar', 66, '1', '2020-10-15 13:21:32', 500, '2020-10-15 13:21:32', 500),
	(414, 'Rajnagar', 66, '1', '2020-10-15 13:21:39', 500, '2020-10-15 13:21:39', 500),
	(415, 'Sreemangal', 66, '1', '2020-10-15 13:21:47', 500, '2020-10-15 13:21:47', 500),
	(416, 'Bholahat', 67, '1', '2020-10-15 13:25:11', 500, '2020-10-15 13:25:11', 500),
	(417, 'Gomastapur', 67, '1', '2020-10-15 13:25:17', 500, '2020-10-15 13:25:17', 500),
	(418, 'Nachole', 67, '1', '2020-10-15 13:25:22', 500, '2020-10-15 13:25:22', 500),
	(419, 'Chapai Nababganj Sadar', 67, '1', '2020-10-15 13:25:28', 500, '2020-10-15 13:25:28', 500),
	(420, 'Begumganj', 21, '1', '2020-10-15 14:08:26', 1, '2020-10-15 14:08:26', 1),
	(421, 'Chatkhil', 21, '1', '2020-10-15 14:08:50', 1, '2020-10-15 14:08:50', 1),
	(422, 'Hatiya', 21, '1', '2020-10-15 14:09:26', 1, '2020-10-15 14:09:26', 1),
	(423, 'Kabirhat', 21, '1', '2020-10-15 14:09:49', 1, '2020-10-15 14:09:49', 1),
	(424, 'Senbagh', 21, '1', '2020-10-15 14:10:09', 1, '2020-10-15 17:31:14', 500),
	(425, 'Sonaimuri', 21, '1', '2020-10-15 14:10:31', 1, '2020-10-15 14:10:31', 1),
	(426, 'Subarnachar', 21, '1', '2020-10-15 14:10:58', 1, '2020-10-15 14:10:58', 1),
	(427, 'Noakhali Sadar', 21, '1', '2020-10-15 14:11:25', 1, '2020-10-15 14:11:25', 1),
	(428, 'Baghaichhari', 19, '1', '2020-10-15 14:11:59', 1, '2020-10-15 14:11:59', 1),
	(429, 'Barkal Upazila', 19, '1', '2020-10-15 14:12:23', 1, '2020-10-15 14:12:23', 1),
	(430, 'Kawkhali (Betbunia)', 19, '1', '2020-10-15 14:12:56', 1, '2020-10-15 14:12:56', 1),
	(431, 'Belai Chhari Upazi', 19, '1', '2020-10-15 14:13:37', 1, '2020-10-15 14:13:37', 1),
	(432, 'Kaptai Upazila', 19, '1', '2020-10-15 14:14:01', 1, '2020-10-15 14:14:01', 1),
	(433, 'Langadu Upazila', 19, '1', '2020-10-15 14:14:42', 1, '2020-10-15 14:14:42', 1),
	(434, 'Naniarchar Upazila', 19, '1', '2020-10-15 14:15:08', 1, '2020-10-15 14:15:08', 1),
	(435, 'Rajasthali Upazila', 19, '1', '2020-10-15 14:15:41', 1, '2020-10-15 14:15:41', 1),
	(436, 'Rangamati Sadar', 19, '1', '2020-10-15 14:16:07', 1, '2020-10-15 14:16:07', 1),
	(437, 'Adabor', 1, '1', '2020-10-15 14:16:54', 1, '2020-10-15 14:16:54', 1),
	(438, 'Badda', 1, '1', '2020-10-15 14:17:07', 1, '2020-10-15 14:17:07', 1),
	(439, 'Bangshal', 1, '1', '2020-10-15 14:17:22', 1, '2020-10-15 14:17:22', 1),
	(440, 'Biman Bandar', 1, '1', '2020-10-15 14:17:41', 1, '2020-10-15 14:17:41', 1),
	(441, 'Banani', 1, '1', '2020-10-15 14:17:52', 1, '2020-10-15 14:17:52', 1),
	(442, 'Cantonment', 1, '1', '2020-10-15 14:18:09', 1, '2020-10-15 14:18:09', 1),
	(443, 'Chak Bazar', 1, '1', '2020-10-15 14:18:32', 1, '2020-10-15 14:18:32', 1),
	(444, 'Dikshinkhan', 1, '1', '2020-10-15 14:18:49', 1, '2020-10-15 14:18:49', 1),
	(445, 'Darus Salam', 1, '1', '2020-10-15 14:19:04', 1, '2020-10-15 14:19:04', 1),
	(446, 'Demra', 1, '1', '2020-10-15 14:19:14', 1, '2020-10-15 14:19:14', 1),
	(447, 'Dhanmondi', 1, '1', '2020-10-15 14:19:41', 1, '2020-10-15 14:19:41', 1),
	(448, 'Bhasan Tak', 1, '1', '2020-10-15 14:20:04', 1, '2020-10-15 14:20:04', 1),
	(449, 'Bhatara', 1, '1', '2020-10-15 14:20:17', 1, '2020-10-15 16:41:53', 500),
	(450, 'Gendaria', 1, '1', '2020-10-15 14:20:33', 1, '2020-10-15 14:20:33', 1),
	(451, 'Gulshan', 1, '1', '2020-10-15 14:20:47', 1, '2020-10-15 14:20:47', 1),
	(452, 'Hazaribagh', 1, '1', '2020-10-15 14:21:13', 1, '2020-10-15 14:21:13', 1),
	(453, 'Jatrabari', 1, '1', '2020-10-15 14:21:32', 1, '2020-10-15 14:21:32', 1),
	(454, 'Kafrul', 1, '1', '2020-10-15 14:21:41', 1, '2020-10-15 14:21:41', 1),
	(455, 'Kadamtali', 1, '1', '2020-10-15 14:22:01', 1, '2020-10-15 14:22:01', 1),
	(456, 'Kalabagan', 1, '1', '2020-10-15 14:22:17', 1, '2020-10-15 16:44:01', 500),
	(457, 'Kamrangir Char', 1, '1', '2020-10-15 14:22:37', 1, '2020-10-15 14:22:37', 1),
	(458, 'Khilgaon', 1, '1', '2020-10-15 14:23:07', 1, '2020-10-15 14:23:07', 1),
	(459, 'Khilkhet', 1, '1', '2020-10-15 14:23:27', 1, '2020-10-15 14:23:27', 1),
	(460, 'Lalbagh', 1, '1', '2020-10-15 14:24:11', 1, '2020-10-15 14:24:11', 1),
	(461, 'Motijheel', 1, '1', '2020-10-15 14:24:59', 1, '2020-10-15 14:24:59', 1),
	(462, 'Mugda Para', 1, '1', '2020-10-15 14:25:18', 1, '2020-10-15 14:25:18', 1),
	(463, 'New Market', 1, '1', '2020-10-15 14:25:52', 1, '2020-10-15 14:25:52', 1),
	(464, 'Pallabi', 1, '1', '2020-10-15 14:26:14', 1, '2020-10-15 14:26:14', 1),
	(465, 'Paltan', 1, '1', '2020-10-15 14:26:30', 1, '2020-10-15 14:26:30', 1),
	(466, 'Ramna', 1, '1', '2020-10-15 14:26:40', 1, '2020-10-15 14:26:40', 1),
	(467, 'Rampura', 1, '1', '2020-10-15 14:39:44', 1, '2020-10-15 14:39:44', 1),
	(468, 'Sabujbagh', 1, '1', '2020-10-15 14:40:08', 1, '2020-10-15 14:40:08', 1),
	(469, 'Rupnagar', 1, '1', '2020-10-15 14:40:33', 1, '2020-10-15 14:40:33', 1),
	(470, 'Shahjahanpur', 1, '1', '2020-10-15 14:40:50', 1, '2020-10-15 14:40:50', 1),
	(471, 'Shah Ali', 1, '1', '2020-10-15 14:41:04', 1, '2020-10-15 14:41:04', 1),
	(472, 'Shahbagh', 1, '1', '2020-10-15 14:41:31', 1, '2020-10-15 14:41:31', 1),
	(473, 'Shyampur', 1, '1', '2020-10-15 14:42:04', 1, '2020-10-15 14:42:04', 1),
	(474, 'Sher-E-Bangla Nagar', 1, '1', '2020-10-15 14:42:28', 1, '2020-10-15 14:42:28', 1),
	(475, 'Sutrapur', 1, '1', '2020-10-15 14:42:48', 1, '2020-10-15 14:42:48', 1),
	(476, 'Tejgaon', 1, '1', '2020-10-15 14:43:06', 1, '2020-10-15 14:43:06', 1),
	(477, 'Tejgaon Ind. Area', 1, '1', '2020-10-15 14:43:41', 1, '2020-10-15 16:48:03', 500),
	(478, 'Turag', 1, '1', '2020-10-15 14:43:53', 1, '2020-10-15 14:43:53', 1),
	(479, 'Uttara Paschim', 1, '1', '2020-10-15 14:44:17', 1, '2020-10-15 14:44:17', 1),
	(480, 'Uttara Purba', 1, '1', '2020-10-15 14:44:36', 1, '2020-10-15 14:44:36', 1),
	(481, 'Uttar Khan', 1, '1', '2020-10-15 14:44:52', 1, '2020-10-15 14:44:52', 1),
	(482, 'Wari', 1, '1', '2020-10-15 14:45:05', 1, '2020-10-15 14:45:05', 1),
	(483, 'Alfadanga', 17, '1', '2020-10-19 09:53:53', 1, '2020-10-19 09:53:53', 1),
	(484, 'Bhanga', 17, '1', '2020-10-19 09:54:09', 1, '2020-10-19 09:54:09', 1),
	(485, 'Boalmari', 17, '1', '2020-10-19 09:54:23', 1, '2020-10-19 09:54:23', 1),
	(486, 'Char Bhadrasan', 17, '1', '2020-10-19 09:54:54', 1, '2020-10-19 09:54:54', 1),
	(487, 'Faridpur Sadar', 17, '1', '2020-10-19 09:55:20', 1, '2020-10-19 09:55:20', 1),
	(488, 'Madhukhli', 17, '1', '2020-10-19 09:57:13', 1, '2020-10-19 09:57:13', 1),
	(489, 'Nagarkanda', 17, '1', '2020-10-19 09:57:36', 1, '2020-10-19 09:57:36', 1),
	(490, 'Sadarpur', 17, '1', '2020-10-19 09:58:01', 1, '2020-10-19 09:58:01', 1),
	(491, 'Saltha', 17, '1', '2020-10-19 09:58:19', 1, '2020-10-19 09:58:19', 1),
	(492, 'Gopalganj Sadar', 68, '1', '2020-10-19 10:00:28', 1, '2020-10-19 10:00:28', 1),
	(493, 'Kashiani', 68, '1', '2020-10-19 10:01:20', 1, '2020-10-19 10:01:20', 1),
	(494, 'Kotakipara', 68, '1', '2020-10-19 10:01:53', 1, '2020-10-19 10:01:53', 1),
	(495, 'Muksudpur', 68, '1', '2020-10-19 10:02:21', 1, '2020-10-19 10:02:21', 1),
	(496, 'Tungipara', 68, '1', '2020-10-19 10:03:03', 1, '2020-10-19 10:03:03', 1),
	(497, 'Gazipur Sadar', 3, '1', '2020-10-19 10:03:26', 1, '2020-10-19 10:03:26', 1),
	(498, 'Kaliakair', 3, '1', '2020-10-19 10:03:47', 1, '2020-10-19 10:03:47', 1),
	(499, 'Kapasia', 3, '1', '2020-10-19 10:04:26', 1, '2020-10-19 10:04:26', 1),
	(500, 'Bakshiganj', 59, '1', '2020-10-19 10:05:13', 1, '2020-10-19 10:05:13', 1),
	(501, 'Dewanganj', 59, '1', '2020-10-19 10:05:44', 1, '2020-10-19 10:05:44', 1),
	(502, 'Islampur', 59, '1', '2020-10-19 10:06:01', 1, '2020-10-19 10:06:01', 1),
	(503, 'Jamalpur Sadar', 59, '1', '2020-10-19 10:06:29', 1, '2020-10-19 10:06:29', 1),
	(504, 'Madarganj', 59, '1', '2020-10-19 10:06:56', 1, '2020-10-19 10:06:56', 1),
	(505, 'Melandahi', 59, '1', '2020-10-19 10:07:22', 1, '2020-10-19 10:07:22', 1),
	(506, 'Sarishabari Upazila', 59, '1', '2020-10-19 10:08:13', 1, '2020-10-19 10:08:13', 1),
	(507, 'Austagram', 58, '1', '2020-10-19 10:08:35', 1, '2020-10-19 10:08:35', 1),
	(508, 'Bajitpur', 58, '1', '2020-10-19 10:08:49', 1, '2020-10-19 10:08:49', 1),
	(509, 'Bhairab', 58, '1', '2020-10-19 10:09:05', 1, '2020-10-19 10:09:05', 1),
	(510, 'Hossainpur', 58, '1', '2020-10-19 10:09:31', 1, '2020-10-19 10:09:31', 1),
	(511, 'Itna', 58, '1', '2020-10-19 10:09:46', 1, '2020-10-19 10:09:46', 1),
	(512, 'Karimganj', 58, '1', '2020-10-19 10:10:10', 1, '2020-10-19 10:10:10', 1),
	(513, 'Katiadi', 58, '1', '2020-10-19 10:10:35', 1, '2020-10-19 10:10:35', 1),
	(514, 'Kishoreganj Sadar', 58, '1', '2020-10-19 10:11:15', 1, '2020-10-19 10:11:15', 1),
	(515, 'Kuliar Char', 58, '1', '2020-10-19 10:11:56', 1, '2020-10-19 10:11:56', 1),
	(516, 'Mithamain', 58, '1', '2020-10-19 10:12:26', 1, '2020-10-19 10:12:26', 1),
	(517, 'Nikli', 58, '1', '2020-10-19 10:12:41', 1, '2020-10-19 10:12:41', 1),
	(518, 'Pakundia', 58, '1', '2020-10-19 10:13:07', 1, '2020-10-19 10:13:07', 1),
	(519, 'Tarail', 58, '1', '2020-10-19 10:13:33', 1, '2020-10-19 10:13:33', 1),
	(520, 'Kalkini', 56, '1', '2020-10-19 10:14:08', 1, '2020-10-19 10:14:08', 1),
	(521, 'Madaripur Sadar', 56, '1', '2020-10-19 10:14:35', 1, '2020-10-19 10:14:35', 1),
	(522, 'Rajoir', 56, '1', '2020-10-19 10:15:03', 1, '2020-10-19 10:15:03', 1),
	(523, 'Shibchar', 56, '1', '2020-10-19 10:15:25', 1, '2020-10-19 10:15:25', 1),
	(524, 'Ghior', 65, '1', '2020-10-19 10:16:12', 1, '2020-10-19 10:16:12', 1),
	(525, 'Harirampur', 65, '1', '2020-10-19 10:16:43', 1, '2020-10-19 10:16:43', 1),
	(526, 'Manikganj Sadar', 65, '1', '2020-10-19 10:17:03', 1, '2020-10-19 10:17:03', 1),
	(527, 'Saturia', 65, '1', '2020-10-19 10:17:21', 1, '2020-10-19 10:17:21', 1),
	(528, 'Shibalaya', 65, '1', '2020-10-19 10:17:49', 1, '2020-10-19 10:17:49', 1),
	(529, 'Singair', 65, '1', '2020-10-19 10:18:15', 1, '2020-10-19 10:18:15', 1),
	(530, 'Gazaria', 62, '1', '2020-10-19 10:18:41', 1, '2020-10-19 10:18:41', 1),
	(531, 'Lohajang', 62, '1', '2020-10-19 10:19:06', 1, '2020-10-19 10:19:06', 1),
	(532, 'Munshiganj Sadar', 62, '1', '2020-10-19 10:19:33', 1, '2020-10-19 10:19:33', 1),
	(533, 'Serajdikhan', 62, '1', '2020-10-19 10:20:01', 1, '2020-10-19 10:20:01', 1),
	(534, 'Sreenagar', 62, '1', '2020-10-19 10:20:39', 1, '2020-10-19 10:20:39', 1),
	(535, 'Tongibari', 62, '1', '2020-10-19 10:21:03', 1, '2020-10-19 10:21:03', 1),
	(536, 'Mymensingh Sadar', 10, '1', '2020-10-19 13:04:37', 1, '2020-10-19 13:04:37', 1);
/*!40000 ALTER TABLE `thana` ENABLE KEYS */;

-- Dumping structure for table blood_bank.training_year
CREATE TABLE IF NOT EXISTS `training_year` (
  `id` int(11) NOT NULL AUTO_INCREMENT,
  `name` varchar(255) COLLATE utf8_unicode_ci NOT NULL,
  `year` year(4) NOT NULL,
  `start_date` date NOT NULL,
  `end_date` date NOT NULL,
  `status` enum('0','1','2') COLLATE utf8_unicode_ci NOT NULL DEFAULT '0' COMMENT '''0 ''=  Not Initiated  ''1'' =''Active'', ''2''=''Closed''',
  `created_at` datetime NOT NULL,
  `created_by` int(11) NOT NULL,
  `updated_at` datetime NOT NULL,
  `updated_by` int(11) NOT NULL,
  PRIMARY KEY (`id`) USING BTREE
) ENGINE=InnoDB AUTO_INCREMENT=2 DEFAULT CHARSET=utf8 COLLATE=utf8_unicode_ci ROW_FORMAT=DYNAMIC;

-- Dumping data for table blood_bank.training_year: ~0 rows (approximately)
DELETE FROM `training_year`;
/*!40000 ALTER TABLE `training_year` DISABLE KEYS */;
/*!40000 ALTER TABLE `training_year` ENABLE KEYS */;

-- Dumping structure for table blood_bank.users
CREATE TABLE IF NOT EXISTS `users` (
  `id` int(10) unsigned NOT NULL AUTO_INCREMENT,
  `group_id` int(10) NOT NULL DEFAULT 0,
  `blood_group_id` int(10) NOT NULL DEFAULT 0,
  `present_division_id` int(10) NOT NULL DEFAULT 0,
  `present_district_id` int(10) NOT NULL DEFAULT 0,
  `present_thana_id` int(10) NOT NULL DEFAULT 0,
  `permanent_division_id` int(10) NOT NULL DEFAULT 0,
  `permanent_district_id` int(10) NOT NULL DEFAULT 0,
  `permanent_thana_id` int(10) NOT NULL DEFAULT 0,
  `present_address_details` varchar(255) COLLATE utf8mb4_unicode_ci DEFAULT NULL,
  `permanent_address_details` varchar(255) COLLATE utf8mb4_unicode_ci DEFAULT NULL,
  `full_name` varchar(255) COLLATE utf8mb4_unicode_ci NOT NULL,
  `username` varchar(255) COLLATE utf8mb4_unicode_ci NOT NULL,
  `password` varchar(255) COLLATE utf8mb4_unicode_ci NOT NULL,
  `phone` varchar(255) COLLATE utf8mb4_unicode_ci DEFAULT NULL,
  `email` varchar(255) COLLATE utf8mb4_unicode_ci DEFAULT NULL,
  `photo` text COLLATE utf8mb4_unicode_ci DEFAULT NULL,
  `alternative_phone` mediumtext COLLATE utf8mb4_unicode_ci DEFAULT NULL,
  `weight` mediumtext COLLATE utf8mb4_unicode_ci DEFAULT NULL,
  `religion` varchar(255) COLLATE utf8mb4_unicode_ci DEFAULT NULL,
  `date_of_birth` date DEFAULT NULL,
  `status` enum('1','2') COLLATE utf8mb4_unicode_ci NOT NULL DEFAULT '2' COMMENT '''1''=''request'' , ''2''= ''no''',
  `blood_request` enum('1','2') COLLATE utf8mb4_unicode_ci NOT NULL DEFAULT '1',
  `last_donet_date` date DEFAULT NULL,
  `created_at` datetime NOT NULL,
  `created_by` int(11) NOT NULL,
  `updated_at` datetime NOT NULL,
  `updated_by` int(11) NOT NULL,
  PRIMARY KEY (`id`),
  KEY `group_id` (`group_id`)
) ENGINE=InnoDB AUTO_INCREMENT=126 DEFAULT CHARSET=utf8mb4 COLLATE=utf8mb4_unicode_ci;

-- Dumping data for table blood_bank.users: ~2 rows (approximately)
DELETE FROM `users`;
/*!40000 ALTER TABLE `users` DISABLE KEYS */;
INSERT INTO `users` (`id`, `group_id`, `blood_group_id`, `present_division_id`, `present_district_id`, `present_thana_id`, `permanent_division_id`, `permanent_district_id`, `permanent_thana_id`, `present_address_details`, `permanent_address_details`, `full_name`, `username`, `password`, `phone`, `email`, `photo`, `alternative_phone`, `weight`, `religion`, `date_of_birth`, `status`, `blood_request`, `last_donet_date`, `created_at`, `created_by`, `updated_at`, `updated_by`) VALUES
	(1, 1, 0, 0, 0, 0, 0, 0, 0, NULL, NULL, 'Md Abu Bakar Siddique Khan, ndc, afwc, psc, G+', 'admin', '$2y$10$hq83H6CMKOhrTwCeZpzyB.3lmv0CYlBsfE5Y6z3vc7UOp3QAUyU92', NULL, NULL, '5f7c6e8079928_1.jpg', NULL, NULL, NULL, NULL, '1', '1', NULL, '2020-08-17 05:44:05', 3, '2020-12-31 04:05:00', 1),
	(125, 1, 1, 0, 0, 0, 0, 0, 0, NULL, NULL, 'as', 'aaa', '$2y$10$ok49BpCrFcLwQdSPY3OhweXgjq243ElzXCVM9MvpIhZvqy0plJgYe', '1', 'a@a.com', '60113929e0b8e_1.jpeg', '2', '3', 'a', '2021-01-28', '1', '1', NULL, '2021-01-27 09:58:01', 1, '2021-01-27 10:19:08', 1);
/*!40000 ALTER TABLE `users` ENABLE KEYS */;

-- Dumping structure for table blood_bank.user_group
CREATE TABLE IF NOT EXISTS `user_group` (
  `id` int(11) NOT NULL AUTO_INCREMENT,
  `name` varchar(255) COLLATE utf8_unicode_ci NOT NULL,
  `order` int(11) NOT NULL,
  PRIMARY KEY (`id`)
) ENGINE=InnoDB AUTO_INCREMENT=5 DEFAULT CHARSET=utf8 COLLATE=utf8_unicode_ci;

-- Dumping data for table blood_bank.user_group: ~2 rows (approximately)
DELETE FROM `user_group`;
/*!40000 ALTER TABLE `user_group` DISABLE KEYS */;
INSERT INTO `user_group` (`id`, `name`, `order`) VALUES
	(1, 'Admin ', 1),
	(2, 'User', 2);
/*!40000 ALTER TABLE `user_group` ENABLE KEYS */;

/*!40101 SET SQL_MODE=IFNULL(@OLD_SQL_MODE, '') */;
/*!40014 SET FOREIGN_KEY_CHECKS=IF(@OLD_FOREIGN_KEY_CHECKS IS NULL, 1, @OLD_FOREIGN_KEY_CHECKS) */;
/*!40101 SET CHARACTER_SET_CLIENT=@OLD_CHARACTER_SET_CLIENT */;
